,text
0,"Coinbase, Like Elon Musk, Takes Issue With Apples App Store Fees"
1,Brands Will Save Crypto? Be Careful What You Wish For
2,Paramount's (PARA) Pluto TV AVOD Service Launches in Canada
3,My Top Warren Buffett Stock to Buy and Hold in 2023 and Beyond
4,CONSOL Energy and Whirlpool have been highlighted as Zacks Bull and Bear of the Day
5,Elon Musk Has a Plan to Bring Advertisers Back to Twitter.  Suspending Kanye West Might Help.
6,Apple Has a China Problem
7,"Apple iPhone Likely To Miss Consensus By 16M As China's Macros Weigh, Analysts Say"
8,Biden's visit to TSMC's Arizona plant underlines his big chip manufacturing push
9,"If You Invested $10,000 in Microsoft Stock When Satya Nadella Became CEO, This Is How Much You'd Have Today"
10,"Amazon Just Announced New Innovations to Take On Snowflake, Nvidia, and More"
11,3 Top Tech Stocks to Buy Right Now
12,Warren Buffett Loves These Stocks. Are They Right for You?
13,3 Top Tech Stocks to Buy in December
14,"UBS Cuts IPhone Forecast by 16 Million on Covid, Demand Issues"
15,Inside the Covid revolt at the Zhengzhou iPhone City plant
16,Coinbase says Apple forced it to remove NFT wallet function
17,Does Big Tech Have a Pulse?
18,Crypto Markets Today: CFTC Chair Proposes Pause to Overhaul Digital Commodities Consumer Protection Bill
19,"After Twitter Fight, Apple Blocks Coinbase Wallet Release on App Store"
20,Apple Renames Mixed-Reality Software xrOS in Sign Headset Is Approaching
21,Coinbase says Apple is demanding 30% cut of NFT gas fees before allowing digital wallet update
22,Apple CEO Tim Cook ignores questions on whether he supports protests in China
23,"Apple Analyst Go Cautious On December Quarter As China's Lockdowns, Labor Unrest Weigh"
24,Mark Zuckerberg joins Elon Musks attack on Apple
25,"'I'm not like Bernie Madoff', claims FTX founder Sam Bankman-Fried"
26,Apple and Elon Musk Make Nice. A Walk in the Park Is Better Than a Brawl.
27,iOS 16.1.2: Apple releases new update for iPhone to improve crash detection
28,"Coinbase Disables Mobile NFT Transfers, Citing Apples App Store Policies"
29,Musks experiment in chaos management at Twitter 2.0
30,Apples iPhone Production Woes Will Hit Revenue. Another Analyst Weighs In on How Much.
31,UPDATE 2-Coinbase says Apple blocked its last app release on NFTs in wallet
32,Coinbase says Apple blocked its last app release on NFTs in wallet
33,"Elon Musk meets with Apples Tim Cook, says misunderstanding is 'resolved'"
34,"Bad Bunny dominates streaming charts on Apple, Spotify"
35,Netflix Strategy Shift Spurs Worst-to-Best Comeback for Stock
36,China Clamps Down on Internet as It Seeks to Stamp Out Covid Protests
37,Apples Production Problems Likely Will Hit Revenue. Another Analyst Weighs In on How Much.
38,Why Apple Stock Can Keep Delivering for Investors
39,Sam Bankman-Fried Cant Stop Talking. Heres What Investors Now Need to Think About.
40,Apple Has Another Stealthy Path Into This $4 Trillion Market
41,"Got $2,000? Two Tech Stocks to Buy and Hold for the Long Term"
42,Piper Sandler cuts estimates for Apple's Dec quarter as China worries mount
43,The Best FAANG Stock to Buy in December
44,What China's Lockdown Protests Mean for Apple Stock
45,"Apple never considered removing Twitter from App Store, says Elon Musk"
46,Sonys Apple strategy and Jack Ma in Tokyo
47,UPDATE 2-TSMC plans to make more advanced chips in US on Apple's push  - Bloomberg News
48,TSMC Plans to Make More Advanced Chips in US at Urging of Apple
0.17
