No.,Ticker,Company,Sector,Industry,Country,Market Cap,P/E,Price,Change,Volume
2,CCL,Carnival Corporation & plc,Consumer Cyclical,Travel Services,USA,9.96B,-,8.08,11.14%,"116,496,328"
3,VTRS,Viatris Inc.,Healthcare,Drug Manufacturers - Specialty & Generic,USA,11.77B,15.35,9.61,0.00%,"6,872,539"
4,AMCR,Amcor plc,Consumer Cyclical,Packaging & Containers,Switzerland,17.02B,21.21,11.20,1.91%,"6,356,615"
5,F,Ford Motor Company,Consumer Cyclical,Auto Manufacturers,USA,48.78B,4.19,12.03,1.69%,"53,603,360"
6,HPE,Hewlett Packard Enterprise Company,Technology,Communication Equipment,USA,16.88B,4.60,12.87,0.70%,"14,721,831"
7,WBD,"Warner Bros. Discovery, Inc.",Communication Services,Entertainment,USA,31.44B,-,12.88,4.55%,"18,270,306"
8,AAL,American Airlines Group Inc.,Industrials,Airlines,USA,8.86B,-,13.70,3.79%,"38,762,392"
9,HBAN,Huntington Bancshares Incorporated,Financial,Banks - Regional,USA,20.68B,12.55,14.11,1.88%,"22,121,904"
10,DISH,DISH Network Corporation,Communication Services,Entertainment,USA,7.78B,4.37,14.15,1.73%,"3,533,421"
11,PCG,PG&E Corporation,Utilities,Utilities - Regulated Electric,USA,36.10B,183.77,14.15,-0.07%,"20,264,036"
12,NCLH,Norwegian Cruise Line Holdings Ltd.,Consumer Cyclical,Travel Services,USA,5.99B,-,14.31,8.57%,"28,329,556"
13,IVZ,Invesco Ltd.,Financial,Asset Management,USA,6.90B,6.44,14.93,1.50%,"4,835,533"
14,NWL,Newell Brands Inc.,Consumer Defensive,Household & Personal Products,USA,6.29B,8.91,15.22,2.08%,"1,991,835"
15,T,AT&T Inc.,Communication Services,Telecom Services,USA,112.13B,5.70,15.60,1.89%,"49,420,244"
16,NWSA,News Corporation,Communication Services,Broadcasting,USA,9.70B,15.48,16.25,0.74%,"4,179,302"
17,NWS,News Corporation,Communication Services,Broadcasting,USA,9.41B,-,16.47,0.67%,"2,008,014"
18,KEY,KeyCorp,Financial,Banks - Regional,USA,16.06B,7.45,16.98,0.53%,"16,378,714"
19,HST,"Host Hotels & Resorts, Inc.",Real Estate,REIT - Hotel & Motel,USA,12.63B,22.09,17.65,1.55%,"7,825,292"
20,KMI,"Kinder Morgan, Inc.",Energy,Oil & Gas Midstream,USA,41.28B,16.64,17.77,1.54%,"19,538,362"
22,KIM,Kimco Realty Corporation,Real Estate,REIT - Retail,USA,12.41B,16.38,19.67,2.02%,"6,166,011"
23,NLOK,NortonLifeLock Inc.,Technology,Software - Infrastructure,USA,14.59B,14.92,21.47,1.27%,"3,289,485"
24,RF,Regions Financial Corporation,Financial,Banks - Regional,USA,20.43B,9.72,21.66,1.93%,"11,347,928"
25,BEN,"Franklin Resources, Inc.",Financial,Asset Management,USA,11.48B,6.68,22.52,1.30%,"2,283,871"
26,VNO,Vornado Realty Trust,Real Estate,REIT - Office,USA,4.32B,34.81,22.80,-0.52%,"2,529,286"
27,PEAK,"Healthpeak Properties, Inc.",Real Estate,REIT - Healthcare Facilities,USA,12.75B,58.63,23.16,1.36%,"4,344,259"
28,OGN,Organon & Co.,Healthcare,Drug Manufacturers - General,USA,6.34B,5.56,24.17,1.51%,"2,353,753"
29,BKR,Baker Hughes Company,Energy,Oil & Gas Equipment & Services,USA,25.68B,-,24.18,1.04%,"11,519,177"
30,AES,The AES Corporation,Utilities,Utilities - Diversified,USA,17.06B,-,24.40,2.18%,"3,353,955"
31,NI,NiSource Inc.,Utilities,Utilities - Regulated Gas,USA,10.57B,16.44,25.27,1.53%,"4,795,268"
32,PPL,PPL Corporation,Utilities,Utilities - Regulated Electric,USA,18.82B,25.54,25.39,2.01%,"4,184,831"
33,HPQ,HP Inc.,Technology,Computer Hardware,USA,26.29B,4.45,25.55,-0.54%,"7,501,557"
34,INTC,Intel Corporation,Technology,Semiconductors,USA,108.31B,5.55,25.87,-2.08%,"51,126,852"
35,CNP,"CenterPoint Energy, Inc.",Utilities,Utilities - Regulated Gas,USA,17.08B,19.94,26.96,2.70%,"6,471,057"
36,JNPR,"Juniper Networks, Inc.",Technology,Communication Equipment,USA,9.03B,23.21,27.44,3.12%,"3,777,267"
37,MRO,Marathon Oil Corporation,Energy,Oil & Gas E&P,USA,19.56B,6.53,27.56,1.55%,"12,617,104"
38,FOX,Fox Corporation,Communication Services,Broadcasting,USA,15.84B,13.07,27.58,2.91%,"2,080,656"
39,NLSN,Nielsen Holdings plc,Industrials,Consulting Services,USA,10.07B,17.71,27.98,0.04%,"22,430,308"
40,DXC,DXC Technology Company,Technology,Information Technology Services,USA,6.52B,12.71,28.04,3.43%,"2,111,843"
42,FCX,Freeport-McMoRan Inc.,Basic Materials,Copper,USA,43.25B,8.63,28.49,-1.15%,"14,492,059"
43,FOXA,Fox Corporation,Communication Services,Broadcasting,USA,15.59B,13.85,29.20,2.17%,"6,942,821"
44,IPG,"The Interpublic Group of Companies, Inc.",Communication Services,Advertising Agencies,USA,11.41B,11.83,29.30,3.53%,"7,619,235"
45,XRAY,DENTSPLY SIRONA Inc.,Healthcare,Medical Instruments & Supplies,USA,6.45B,17.49,29.40,0.62%,"1,218,336"
46,CTRA,Coterra Energy Inc.,Energy,Oil & Gas E&P,USA,25.10B,8.24,29.44,1.80%,"5,931,519"
47,VFC,V.F. Corporation,Consumer Cyclical,Apparel Manufacturing,USA,11.61B,11.59,29.66,0.37%,"5,397,532"
48,WY,Weyerhaeuser Company,Real Estate,REIT - Specialty,USA,22.71B,9.10,29.85,0.30%,"4,548,978"
49,PENN,"PENN Entertainment, Inc.",Consumer Cyclical,Resorts & Casinos,USA,5.00B,25.69,29.90,2.82%,"4,203,690"
50,WMB,"The Williams Companies, Inc.",Energy,Oil & Gas Midstream,USA,38.35B,23.76,30.44,1.60%,"6,239,904"
51,HAL,Halliburton Company,Energy,Oil & Gas Equipment & Services,USA,29.22B,19.09,30.46,1.57%,"8,804,714"
52,VICI,VICI Properties Inc.,Real Estate,REIT - Diversified,USA,30.54B,30.31,30.61,0.53%,"6,503,415"
53,CMCSA,Comcast Corporation,Communication Services,Entertainment,USA,136.52B,10.04,30.75,-0.23%,"29,236,410"
54,TPR,"Tapestry, Inc.",Consumer Cyclical,Luxury Goods,USA,7.78B,9.93,31.29,-0.26%,"3,540,632"
55,GLW,Corning Incorporated,Technology,Electronic Components,USA,26.96B,13.54,31.50,0.77%,"5,379,231"
56,DAL,"Delta Air Lines, Inc.",Industrials,Airlines,USA,20.16B,295.14,32.17,3.34%,"13,590,549"
57,MGM,MGM Resorts International,Consumer Cyclical,Resorts & Casinos,USA,12.84B,4.56,32.57,0.99%,"5,297,229"
58,SYF,Synchrony Financial,Financial,Credit Services,USA,16.18B,4.75,32.59,1.31%,"5,750,301"
59,WBA,"Walgreens Boots Alliance, Inc.",Healthcare,Pharmaceutical Retailers,USA,28.96B,6.62,33.10,0.30%,"10,005,528"
60,WRK,WestRock Company,Consumer Cyclical,Packaging & Containers,USA,8.57B,9.48,33.22,2.59%,"2,020,582"
62,IP,International Paper Company,Consumer Cyclical,Packaging & Containers,USA,12.20B,8.98,33.54,0.93%,"4,000,779"
63,HWM,Howmet Aerospace Inc.,Industrials,Specialty Industrial Machinery,USA,14.22B,37.60,33.61,2.06%,"2,343,693"
64,WDC,Western Digital Corporation,Technology,Computer Hardware,USA,11.11B,7.07,33.61,-0.83%,"3,605,086"
65,BBWI,"Bath & Body Works, Inc.",Consumer Cyclical,Specialty Retail,USA,8.09B,8.25,33.71,2.74%,"3,151,511"
66,BWA,BorgWarner Inc.,Consumer Cyclical,Auto Parts,USA,8.14B,12.72,34.11,0.92%,"2,050,614"
67,GM,General Motors Company,Consumer Cyclical,Auto Manufacturers,USA,49.74B,6.51,34.25,2.03%,"11,144,674"
68,FITB,Fifth Third Bancorp,Financial,Banks - Regional,USA,24.20B,10.53,34.86,0.37%,"5,392,953"
69,BAC,Bank of America Corporation,Financial,Banks - Diversified,USA,280.18B,10.87,34.88,3.75%,"81,937,928"
70,CAG,"Conagra Brands, Inc.",Consumer Defensive,Packaged Foods,USA,16.78B,29.28,34.93,1.99%,"2,889,989"
71,LVS,Las Vegas Sands Corp.,Consumer Cyclical,Resorts & Casinos,USA,27.81B,-,35.85,0.45%,"6,210,491"
72,KHC,The Kraft Heinz Company,Consumer Defensive,Packaged Foods,USA,44.26B,34.85,36.07,1.63%,"6,807,369"
73,CARR,Carrier Global Corporation,Industrials,Building Products & Equipment,USA,30.81B,11.60,36.32,2.17%,"4,229,464"
74,ROL,"Rollins, Inc.",Consumer Cyclical,Personal Services,USA,18.59B,54.41,36.67,1.47%,"991,819"
75,CFG,"Citizens Financial Group, Inc.",Financial,Banks - Regional,USA,18.47B,9.35,36.94,1.79%,"5,265,847"
76,VZ,Verizon Communications Inc.,Communication Services,Telecom Services,USA,155.77B,7.45,37.07,-0.30%,"27,488,568"
77,UAL,"United Airlines Holdings, Inc.",Industrials,Airlines,USA,12.15B,-,37.25,3.19%,"14,113,136"
78,FE,FirstEnergy Corp.,Utilities,Utilities - Diversified,USA,21.88B,15.70,37.31,1.06%,"2,742,095"
79,EXC,Exelon Corporation,Utilities,Utilities - Diversified,USA,37.97B,14.51,37.56,1.24%,"7,505,432"
80,VTR,"Ventas, Inc.",Real Estate,REIT - Healthcare Facilities,USA,15.77B,846.89,38.11,1.57%,"2,286,419"
82,EBAY,eBay Inc.,Consumer Cyclical,Internet Retail,USA,21.65B,-,38.50,1.72%,"5,326,501"
83,CZR,"Caesars Entertainment, Inc.",Consumer Cyclical,Resorts & Casinos,USA,8.57B,-,38.86,3.21%,"5,278,283"
84,PHM,"PulteGroup, Inc.",Consumer Cyclical,Residential Construction,USA,9.48B,4.38,39.63,3.39%,"2,486,954"
85,APA,APA Corporation,Energy,Oil & Gas E&P,USA,13.63B,4.48,39.82,-0.70%,"7,240,567"
86,BK,The Bank of New York Mellon Corporation,Financial,Asset Management,USA,32.96B,10.17,39.96,-0.99%,"9,040,613"
87,UDR,"UDR, Inc.",Real Estate,REIT - Residential,USA,13.47B,83.31,39.99,1.50%,"2,750,160"
88,BSX,Boston Scientific Corporation,Healthcare,Medical Devices,USA,59.35B,71.32,41.08,0.54%,"7,190,011"
89,NEM,Newmont Corporation,Basic Materials,Gold,USA,33.81B,44.65,41.70,0.94%,"6,404,244"
90,CSCO,"Cisco Systems, Inc.",Technology,Communication Equipment,USA,173.46B,14.83,41.79,1.19%,"18,223,318"
91,EQT,EQT Corporation,Energy,Oil & Gas E&P,USA,16.66B,-,41.81,0.00%,"6,233,902"
92,PNR,Pentair plc,Industrials,Specialty Industrial Machinery,United Kingdom,7.01B,12.30,41.92,0.31%,"1,821,435"
93,ALK,"Alaska Air Group, Inc.",Industrials,Airlines,USA,5.38B,28.06,42.34,1.95%,"1,603,687"
94,USB,U.S. Bancorp,Financial,Banks - Regional,USA,61.52B,9.86,42.80,0.38%,"16,113,052"
95,NRG,"NRG Energy, Inc.",Utilities,Utilities - Independent Power Producers,USA,10.14B,3.03,42.96,2.51%,"2,511,527"
96,KR,The Kroger Co.,Consumer Defensive,Grocery Stores,USA,33.34B,13.15,43.16,2.49%,"8,771,016"
97,SLB,Schlumberger Limited,Energy,Oil & Gas Equipment & Services,USA,64.28B,23.73,43.36,1.17%,"9,734,548"
98,TFC,Truist Financial Corporation,Financial,Banks - Regional,USA,58.97B,9.83,43.37,-2.39%,"10,932,052"
99,PFE,Pfizer Inc.,Healthcare,Drug Manufacturers - General,USA,248.14B,8.50,44.09,1.01%,"18,442,764"
100,C,Citigroup Inc.,Financial,Banks - Diversified,USA,84.95B,5.56,44.15,1.28%,"21,302,084"
102,MO,"Altria Group, Inc.",Consumer Defensive,Tobacco,USA,81.80B,46.06,44.77,0.40%,"7,176,212"
103,HRL,Hormel Foods Corporation,Consumer Defensive,Packaged Foods,USA,25.61B,25.07,45.77,0.95%,"994,387"
104,MTCH,"Match Group, Inc.",Communication Services,Internet Content & Information,USA,13.94B,134.84,45.98,3.75%,"4,523,800"
105,DOW,Dow Inc.,Basic Materials,Chemicals,USA,33.90B,5.20,46.38,2.47%,"8,009,127"
106,IR,Ingersoll Rand Inc.,Industrials,Specialty Industrial Machinery,USA,19.66B,36.31,47.02,0.62%,"3,752,558"
107,IRM,Iron Mountain Incorporated,Real Estate,REIT - Specialty,USA,14.21B,37.02,47.13,3.45%,"1,373,118"
108,FAST,Fastenal Company,Industrials,Industrial Distribution,USA,29.10B,25.54,47.48,2.99%,"4,831,428"
109,SEE,Sealed Air Corporation,Consumer Cyclical,Packaging & Containers,USA,6.94B,13.18,47.64,0.80%,"1,183,326"
110,RCL,Royal Caribbean Cruises Ltd.,Consumer Cyclical,Travel Services,USA,12.41B,-,48.52,7.56%,"10,644,374"
111,MAS,Masco Corporation,Industrials,Building Products & Equipment,USA,11.37B,13.63,48.66,1.78%,"1,833,923"
112,TAP,Molson Coors Beverage Company,Consumer Defensive,Beverages - Brewers,USA,10.86B,14.64,49.22,0.20%,"1,023,795"
113,LNC,Lincoln National Corporation,Financial,Insurance - Life,USA,8.54B,9.57,49.55,1.66%,"2,825,147"
114,PVH,PVH Corp.,Consumer Cyclical,Apparel Manufacturing,USA,3.29B,3.83,50.05,0.83%,"893,882"
115,BALL,Ball Corporation,Consumer Cyclical,Packaging & Containers,USA,16.25B,22.49,50.13,1.87%,"1,184,898"
116,CPB,Campbell Soup Company,Consumer Defensive,Packaged Foods,USA,15.21B,20.18,50.55,1.08%,"2,920,510"
117,MOS,The Mosaic Company,Basic Materials,Agricultural Inputs,USA,19.47B,5.79,50.81,5.31%,"5,052,090"
118,LNT,Alliant Energy Corporation,Utilities,Utilities - Regulated Electric,USA,12.92B,18.38,50.92,2.37%,"1,698,722"
119,LKQ,LKQ Corporation,Consumer Cyclical,Auto Parts,USA,14.37B,12.25,51.44,1.66%,"1,231,914"
120,FTNT,"Fortinet, Inc.",Technology,Software - Infrastructure,USA,41.56B,63.26,51.56,2.18%,"5,121,994"
122,TWTR,"Twitter, Inc.",Communication Services,Internet Content & Information,USA,39.54B,-,51.78,2.05%,"18,533,908"
123,ZION,"Zions Bancorporation, National Association",Financial,Banks - Regional,USA,7.89B,9.74,51.98,0.19%,"1,541,640"
124,MU,"Micron Technology, Inc.",Technology,Semiconductors,USA,59.45B,6.79,52.55,-1.78%,"19,774,780"
125,AIG,"American International Group, Inc.",Financial,Insurance - Diversified,USA,40.18B,3.44,52.60,1.68%,"5,350,830"
126,STX,Seagate Technology Holdings plc,Technology,Computer Hardware,Ireland,11.26B,7.23,52.97,-0.17%,"1,625,708"
127,JCI,Johnson Controls International plc,Industrials,Engineering & Construction,Ireland,37.81B,36.08,53.22,1.47%,"3,326,000"
128,L,Loews Corporation,Financial,Insurance - Property & Casualty,USA,13.32B,12.68,54.61,1.88%,"864,636"
129,DD,"DuPont de Nemours, Inc.",Basic Materials,Chemicals,USA,28.28B,23.06,55.17,3.66%,"3,264,570"
130,REG,Regency Centers Corporation,Real Estate,REIT - Retail,USA,9.74B,19.65,55.57,1.22%,"1,121,151"
131,BAX,Baxter International Inc.,Healthcare,Medical Instruments & Supplies,USA,28.81B,27.86,55.60,0.63%,"4,374,169"
132,OKE,"ONEOK, Inc.",Energy,Oil & Gas Midstream,USA,25.62B,15.83,55.67,1.59%,"2,224,815"
133,PEG,Public Service Enterprise Group Incorporated,Utilities,Utilities - Diversified,USA,28.38B,-,55.69,0.76%,"3,181,587"
134,TRMB,Trimble Inc.,Technology,Scientific & Technical Instruments,USA,14.12B,27.24,55.76,2.31%,"1,203,567"
135,KO,The Coca-Cola Company,Consumer Defensive,Beverages - Non-Alcoholic,USA,248.03B,25.65,56.44,1.35%,"11,823,119"
136,CMS,CMS Energy Corporation,Utilities,Utilities - Regulated Electric,USA,16.55B,22.93,56.56,2.17%,"1,697,356"
137,WYNN,"Wynn Resorts, Limited",Consumer Cyclical,Resorts & Casinos,USA,6.52B,-,56.59,-1.24%,"4,963,910"
138,NDAQ,"Nasdaq, Inc.",Financial,Financial Data & Stock Exchanges,USA,30.05B,25.35,57.21,0.81%,"2,806,952"
139,EIX,Edison International,Utilities,Utilities - Regulated Electric,USA,22.65B,43.14,57.42,0.53%,"1,762,206"
140,FBHS,"Fortune Brands Home & Security, Inc.",Consumer Cyclical,"Furnishings, Fixtures & Appliances",USA,7.71B,10.44,57.72,3.31%,"1,164,170"
142,CDAY,Ceridian HCM Holding Inc.,Technology,Software - Application,USA,9.55B,-,58.32,4.11%,"1,095,517"
143,MDLZ,"Mondelez International, Inc.",Consumer Defensive,Confectioners,USA,81.01B,21.17,58.35,1.58%,"6,349,125"
144,O,Realty Income Corporation,Real Estate,REIT - Retail,USA,37.52B,55.42,58.63,1.98%,"4,069,537"
145,EVRG,"Evergy, Inc.",Utilities,Utilities - Regulated Electric,USA,13.65B,16.53,58.85,2.76%,"1,029,346"
146,MCHP,Microchip Technology Incorporated,Technology,Semiconductors,USA,33.96B,21.73,59.27,0.56%,"3,179,736"
147,AFL,Aflac Incorporated,Financial,Insurance - Life,USA,38.40B,9.08,60.19,0.94%,"2,283,663"
148,WELL,Welltower Inc.,Real Estate,REIT - Healthcare Facilities,USA,28.76B,113.61,60.67,1.15%,"2,359,862"
149,KMX,"CarMax, Inc.",Consumer Cyclical,Auto & Truck Dealerships,USA,9.94B,12.25,60.69,-2.16%,"5,694,256"
150,CTSH,Cognizant Technology Solutions Corporation,Technology,Information Technology Services,USA,31.63B,14.10,60.72,1.40%,"4,462,878"
151,ON,ON Semiconductor Corporation,Technology,Semiconductors,USA,27.61B,15.73,60.73,1.57%,"5,006,902"
152,XEL,Xcel Energy Inc.,Utilities,Utilities - Regulated Electric,USA,34.21B,20.49,61.62,1.68%,"3,162,055"
153,CTVA,"Corteva, Inc.",Basic Materials,Agricultural Inputs,USA,47.46B,25.53,61.62,2.09%,"2,934,583"
154,FTV,Fortive Corporation,Technology,Scientific & Technical Instruments,USA,22.47B,34.01,61.66,1.83%,"1,577,456"
155,BRO,"Brown & Brown, Inc.",Financial,Insurance Brokers,USA,18.47B,28.75,62.16,1.42%,"1,243,608"
156,TXT,Textron Inc.,Industrials,Aerospace & Defense,USA,13.65B,17.23,62.55,1.30%,"1,533,803"
157,NTAP,"NetApp, Inc.",Technology,Computer Hardware,USA,14.01B,15.06,62.74,-0.68%,"1,933,379"
158,HOLX,"Hologic, Inc.",Healthcare,Medical Instruments & Supplies,USA,16.15B,10.75,63.83,-0.79%,"1,406,819"
159,PNW,Pinnacle West Capital Corporation,Utilities,Utilities - Regulated Electric,USA,7.31B,14.25,64.41,2.87%,"734,393"
160,STT,State Street Corporation,Financial,Asset Management,USA,24.61B,8.92,64.42,0.96%,"6,023,369"
162,SO,The Southern Company,Utilities,Utilities - Regulated Electric,USA,70.10B,23.13,65.39,1.73%,"3,841,470"
163,TSN,"Tyson Foods, Inc.",Consumer Defensive,Farm Products,USA,23.85B,5.89,65.70,-0.17%,"2,066,722"
164,BF-B,Brown-Forman Corporation,Consumer Defensive,Beverages - Wineries & Distilleries,USA,32.47B,35.29,65.74,0.50%,"1,150,827"
165,HAS,"Hasbro, Inc.",Consumer Cyclical,Leisure,USA,9.28B,16.95,65.76,-2.88%,"3,023,923"
166,D,"Dominion Energy, Inc.",Utilities,Utilities - Diversified,USA,56.02B,34.86,66.54,1.93%,"2,904,799"
167,BBY,"Best Buy Co., Inc.",Consumer Cyclical,Specialty Retail,USA,15.26B,8.91,66.56,1.48%,"2,320,295"
168,OTIS,Otis Worldwide Corporation,Industrials,Specialty Industrial Machinery,USA,28.42B,22.95,66.71,2.05%,"1,637,234"
169,HIG,"The Hartford Financial Services Group, Inc.",Financial,Insurance - Diversified,USA,22.18B,10.99,66.80,1.18%,"1,652,042"
170,TJX,"The TJX Companies, Inc.",Consumer Cyclical,Apparel Retail,USA,79.58B,23.84,66.83,1.43%,"4,674,594"
171,GILD,"Gilead Sciences, Inc.",Healthcare,Drug Manufacturers - General,USA,84.18B,20.39,66.87,0.74%,"6,802,276"
172,ORCL,Oracle Corporation,Technology,Software - Infrastructure,USA,183.23B,31.84,67.03,0.01%,"6,688,607"
173,MET,"MetLife, Inc.",Financial,Insurance - Life,USA,53.84B,16.79,67.38,1.67%,"3,757,704"
174,OXY,Occidental Petroleum Corporation,Energy,Oil & Gas E&P,USA,64.39B,6.65,67.78,0.62%,"15,683,799"
175,HSIC,"Henry Schein, Inc.",Healthcare,Medical Distribution,USA,9.38B,14.72,68.44,1.09%,"537,078"
176,SCHW,The Charles Schwab Corporation,Financial,Capital Markets,USA,139.76B,22.56,68.61,1.75%,"11,732,219"
177,OMC,Omnicom Group Inc.,Communication Services,Advertising Agencies,USA,14.45B,11.62,69.28,2.61%,"2,975,143"
178,DVN,Devon Energy Corporation,Energy,Oil & Gas E&P,USA,48.53B,8.84,69.77,-0.04%,"7,943,293"
179,APH,Amphenol Corporation,Technology,Electronic Components,USA,43.05B,24.72,70.07,1.01%,"2,408,002"
180,CBRE,"CBRE Group, Inc.",Real Estate,Real Estate Services,USA,23.19B,11.79,70.27,0.69%,"1,253,654"
182,GE,General Electric Company,Industrials,Specialty Industrial Machinery,USA,77.95B,-,70.70,3.02%,"6,109,675"
183,INCY,Incyte Corporation,Healthcare,Biotechnology,USA,15.66B,16.73,71.11,1.07%,"1,497,448"
184,BMY,Bristol-Myers Squibb Company,Healthcare,Drug Manufacturers - General,USA,153.51B,23.84,71.74,0.50%,"7,938,152"
185,WRB,W. R. Berkley Corporation,Financial,Insurance - Property & Casualty,USA,19.42B,17.57,71.80,0.70%,"1,330,030"
186,ATVI,"Activision Blizzard, Inc.",Communication Services,Electronic Gaming & Multimedia,USA,57.31B,30.20,72.26,0.70%,"5,305,723"
187,DHI,"D.R. Horton, Inc.",Consumer Cyclical,Residential Construction,USA,25.88B,4.65,72.36,3.42%,"2,963,722"
188,TER,"Teradyne, Inc.",Technology,Semiconductor Equipment & Materials,USA,12.01B,15.33,72.78,1.78%,"1,717,139"
189,CL,Colgate-Palmolive Company,Consumer Defensive,Household & Personal Products,USA,60.55B,31.64,72.92,1.08%,"10,417,184"
190,K,Kellogg Company,Consumer Defensive,Packaged Foods,USA,25.40B,16.95,73.49,1.76%,"1,502,830"
191,CHD,"Church & Dwight Co., Inc.",Consumer Defensive,Household & Personal Products,USA,18.09B,23.47,73.84,-0.19%,"1,105,923"
192,CMA,Comerica Incorporated,Financial,Banks - Regional,USA,9.77B,10.85,74.34,0.91%,"1,921,978"
193,BXP,"Boston Properties, Inc.",Real Estate,REIT - Office,USA,11.71B,17.71,74.40,-0.53%,"1,059,113"
194,MKC,"McCormick & Company, Incorporated",Consumer Defensive,Packaged Foods,USA,20.44B,29.05,74.61,1.33%,"1,065,613"
195,CTLT,"Catalent, Inc.",Healthcare,Drug Manufacturers - Specialty & Generic,USA,13.86B,26.51,74.93,0.77%,"1,196,615"
196,NEE,"NextEra Energy, Inc.",Utilities,Utilities - Regulated Electric,USA,150.19B,57.47,75.06,1.91%,"6,998,542"
197,AMAT,"Applied Materials, Inc.",Technology,Semiconductor Equipment & Materials,USA,68.70B,10.07,75.23,1.10%,"10,231,029"
198,CNC,Centene Corporation,Healthcare,Healthcare Plans,USA,43.61B,23.96,75.32,0.19%,"2,529,768"
199,EMN,Eastman Chemical Company,Basic Materials,Chemicals,USA,9.47B,8.21,75.33,1.88%,"688,907"
200,ES,Eversource Energy,Utilities,Utilities - Regulated Electric,USA,26.72B,19.78,75.86,2.69%,"1,955,762"
202,SYY,Sysco Corporation,Consumer Defensive,Food Distribution,USA,39.41B,29.12,77.00,1.88%,"3,246,026"
203,SWK,"Stanley Black & Decker, Inc.",Industrials,Tools & Accessories,USA,11.51B,13.52,77.33,1.12%,"2,351,054"
204,FIS,"Fidelity National Information Services, Inc.",Technology,Information Technology Services,USA,47.39B,56.71,78.09,1.38%,"5,588,657"
205,GIS,"General Mills, Inc.",Consumer Defensive,Packaged Foods,USA,47.12B,16.46,78.27,1.11%,"2,655,305"
206,AEE,Ameren Corporation,Utilities,Utilities - Regulated Electric,USA,20.76B,20.36,79.36,2.12%,"1,224,343"
207,MS,Morgan Stanley,Financial,Capital Markets,USA,143.67B,10.74,79.44,2.98%,"9,767,807"
208,LYV,"Live Nation Entertainment, Inc.",Communication Services,Entertainment,USA,18.83B,-,79.60,2.01%,"971,919"
209,PFG,"Principal Financial Group, Inc.",Financial,Insurance - Diversified,USA,20.47B,4.86,79.88,2.12%,"1,582,223"
210,LYB,LyondellBasell Industries N.V.,Basic Materials,Specialty Chemicals,USA,26.91B,4.87,80.22,2.43%,"1,789,599"
211,QRVO,"Qorvo, Inc.",Technology,Semiconductors,USA,8.63B,11.00,81.29,0.40%,"941,444"
212,EMR,Emerson Electric Co.,Industrials,Specialty Industrial Machinery,USA,49.84B,15.43,81.60,1.91%,"2,610,716"
213,SWKS,"Skyworks Solutions, Inc.",Technology,Semiconductors,USA,13.65B,10.41,81.89,0.09%,"2,130,170"
214,RHI,Robert Half International Inc.,Industrials,Staffing & Employment Services,USA,9.17B,13.39,82.63,0.77%,"1,202,946"
215,GRMN,Garmin Ltd.,Technology,Scientific & Technical Instruments,Switzerland,16.19B,15.80,82.92,1.39%,"901,121"
216,MDT,Medtronic plc,Healthcare,Medical Devices,Ireland,114.37B,21.75,84.10,1.62%,"6,913,771"
217,AKAM,"Akamai Technologies, Inc.",Technology,Software - Infrastructure,USA,13.49B,24.00,84.38,2.23%,"1,424,062"
218,ROST,"Ross Stores, Inc.",Consumer Cyclical,Apparel Retail,USA,30.83B,20.09,84.66,0.53%,"1,890,441"
219,ED,"Consolidated Edison, Inc.",Utilities,Utilities - Regulated Electric,USA,30.23B,18.61,85.00,2.38%,"1,647,613"
220,LW,"Lamb Weston Holdings, Inc.",Consumer Defensive,Packaged Foods,USA,12.39B,30.69,85.28,0.86%,"1,578,323"
222,EW,Edwards Lifesciences Corporation,Healthcare,Medical Devices,USA,54.64B,37.33,86.26,0.90%,"2,977,285"
223,PM,Philip Morris International Inc.,Consumer Defensive,Tobacco,USA,136.89B,14.82,86.31,0.86%,"3,480,987"
224,CEG,Constellation Energy Corporation,Utilities,Utilities - Renewable,USA,29.17B,43.91,86.51,1.55%,"1,598,879"
225,AEP,"American Electric Power Company, Inc.",Utilities,Utilities - Regulated Electric,USA,45.15B,17.05,86.58,1.80%,"2,612,286"
226,WAB,Westinghouse Air Brake Technologies Corporation,Industrials,Railroads,USA,16.17B,25.62,87.32,1.77%,"803,633"
227,RTX,Raytheon Technologies Corporation,Industrials,Aerospace & Defense,USA,132.55B,29.21,87.36,3.42%,"5,779,146"
228,NTRS,Northern Trust Corporation,Financial,Asset Management,USA,18.95B,11.93,87.61,0.79%,"1,982,645"
229,ADM,Archer-Daniels-Midland Company,Consumer Defensive,Farm Products,USA,52.42B,13.85,87.77,2.34%,"1,912,580"
230,WEC,"WEC Energy Group, Inc.",Utilities,Utilities - Regulated Electric,USA,27.83B,20.30,87.79,2.50%,"1,383,083"
231,APTV,Aptiv PLC,Consumer Cyclical,Auto Parts,Ireland,24.49B,211.92,88.16,3.30%,"2,419,003"
232,SBUX,Starbucks Corporation,Consumer Cyclical,Restaurants,USA,105.62B,25.02,88.96,0.07%,"5,484,433"
233,NKE,"NIKE, Inc.",Consumer Cyclical,Footwear & Accessories,USA,143.53B,25.47,89.68,-0.32%,"7,364,685"
234,DVA,DaVita Inc.,Healthcare,Medical Care Facilities,USA,8.23B,11.16,90.00,0.13%,"522,088"
235,MNST,Monster Beverage Corporation,Consumer Defensive,Beverages - Non-Alcoholic,USA,49.13B,39.53,90.48,1.23%,"2,188,915"
236,PCAR,PACCAR Inc,Industrials,Farm & Heavy Construction Machinery,USA,32.24B,14.31,90.70,2.08%,"1,644,201"
237,DUK,Duke Energy Corporation,Utilities,Utilities - Regulated Electric,USA,70.86B,18.38,90.81,1.92%,"3,009,912"
238,CVS,CVS Health Corporation,Healthcare,Healthcare Plans,USA,121.78B,14.94,91.94,1.16%,"5,658,957"
239,IFF,International Flavors & Fragrances Inc.,Basic Materials,Specialty Chemicals,USA,23.65B,37.22,92.69,3.39%,"1,606,469"
240,ICE,"Intercontinental Exchange, Inc.",Financial,Financial Data & Stock Exchanges,USA,53.11B,15.51,92.71,1.01%,"2,829,869"
242,FRT,Federal Realty Investment Trust,Real Estate,REIT - Retail,USA,7.67B,26.78,93.08,1.43%,"806,318"
243,XYL,Xylem Inc.,Industrials,Specialty Industrial Machinery,USA,17.28B,40.27,93.58,3.35%,"1,121,337"
244,LDOS,"Leidos Holdings, Inc.",Technology,Information Technology Services,USA,13.14B,18.24,93.73,2.85%,"546,034"
245,RL,Ralph Lauren Corporation,Consumer Cyclical,Apparel Manufacturing,USA,6.51B,12.49,94.44,-0.53%,"814,345"
246,MRK,"Merck & Co., Inc.",Healthcare,Drug Manufacturers - General,USA,240.48B,14.42,94.61,0.52%,"9,530,386"
247,CE,Celanese Corporation,Basic Materials,Chemicals,USA,10.81B,5.24,94.91,3.20%,"1,137,686"
248,ALLE,Allegion plc,Industrials,Security & Protection Services,Ireland,8.57B,18.31,95.18,1.76%,"896,957"
249,UHS,"Universal Health Services, Inc.",Healthcare,Medical Care Facilities,USA,7.17B,9.73,95.61,1.24%,"622,574"
250,PSX,Phillips 66,Energy,Oil & Gas Refining & Marketing,USA,47.61B,8.28,96.11,0.68%,"2,756,488"
251,CHRW,"C.H. Robinson Worldwide, Inc.",Industrials,Integrated Freight & Logistics,USA,11.97B,11.56,96.20,-0.09%,"979,240"
252,DFS,Discover Financial Services,Financial,Credit Services,USA,27.14B,6.26,96.29,3.78%,"2,684,131"
253,DLR,"Digital Realty Trust, Inc.",Real Estate,REIT - Office,USA,28.22B,21.25,96.84,1.78%,"2,922,800"
254,DXCM,"DexCom, Inc.",Healthcare,Diagnostics & Research,USA,39.74B,204.49,96.93,-2.81%,"3,681,489"
255,FISV,"Fiserv, Inc.",Technology,Information Technology Services,USA,63.14B,31.58,97.17,-0.21%,"3,227,886"
256,PRU,"Prudential Financial, Inc.",Financial,Insurance - Life,USA,36.37B,18.03,97.34,1.51%,"1,755,271"
257,EXPE,"Expedia Group, Inc.",Consumer Cyclical,Travel Services,USA,15.66B,46.79,98.11,2.97%,"1,853,213"
258,DIS,The Walt Disney Company,Communication Services,Entertainment,USA,183.70B,56.37,98.48,1.18%,"8,533,516"
259,SPG,"Simon Property Group, Inc.",Real Estate,REIT - Retail,USA,32.29B,15.39,98.66,-0.49%,"2,307,705"
260,MHK,"Mohawk Industries, Inc.",Consumer Cyclical,"Furnishings, Fixtures & Appliances",USA,6.31B,6.63,98.85,2.42%,"669,675"
262,CF,"CF Industries Holdings, Inc.",Basic Materials,Agricultural Inputs,USA,21.81B,8.22,100.24,1.38%,"3,414,852"
263,ETSY,"Etsy, Inc.",Consumer Cyclical,Internet Retail,USA,13.25B,36.00,100.48,2.41%,"3,701,135"
264,GOOGL,Alphabet Inc.,Communication Services,Internet Content & Information,USA,1352.66B,19.09,100.77,0.80%,"24,060,672"
265,XOM,Exxon Mobil Corporation,Energy,Oil & Gas Integrated,USA,431.45B,11.03,100.80,0.18%,"14,065,435"
266,GOOG,Alphabet Inc.,Communication Services,Internet Content & Information,USA,1318.08B,19.09,101.39,0.61%,"21,610,540"
267,CINF,Cincinnati Financial Corporation,Financial,Insurance - Property & Casualty,USA,16.56B,31.49,101.59,1.30%,"756,328"
268,ATO,Atmos Energy Corporation,Utilities,Utilities - Regulated Gas,USA,14.72B,18.76,101.75,2.13%,"776,520"
269,RJF,"Raymond James Financial, Inc.",Financial,Capital Markets,USA,23.49B,14.63,102.76,1.87%,"1,655,026"
270,ETR,Entergy Corporation,Utilities,Utilities - Diversified,USA,21.16B,17.12,103.44,2.09%,"1,029,039"
271,TROW,"T. Rowe Price Group, Inc.",Financial,Asset Management,USA,24.37B,10.05,104.12,1.28%,"1,133,430"
272,ABT,Abbott Laboratories,Healthcare,Medical Devices,USA,186.68B,21.82,104.98,1.41%,"8,943,876"
273,PLD,"Prologis, Inc.",Real Estate,REIT - Industrial,USA,100.66B,21.14,105.85,0.59%,"5,311,239"
274,ANET,"Arista Networks, Inc.",Technology,Computer Hardware,USA,33.48B,32.74,106.28,1.64%,"2,356,076"
275,MPC,Marathon Petroleum Corporation,Energy,Oil & Gas Refining & Marketing,USA,56.51B,7.30,108.16,2.65%,"2,755,271"
276,ZBH,"Zimmer Biomet Holdings, Inc.",Healthcare,Medical Devices,USA,23.42B,76.73,109.03,-1.34%,"1,550,023"
277,DTE,DTE Energy Company,Utilities,Utilities - Regulated Electric,USA,21.70B,27.05,109.89,2.70%,"2,536,425"
278,QCOM,QUALCOMM Incorporated,Technology,Semiconductors,USA,128.19B,9.85,111.21,-0.34%,"8,908,873"
279,PTC,PTC Inc.,Technology,Software - Application,USA,13.39B,26.42,111.24,2.63%,"546,598"
280,YUM,"Yum! Brands, Inc.",Consumer Cyclical,Restaurants,USA,32.59B,22.33,111.48,1.36%,"1,308,316"
282,TEL,TE Connectivity Ltd.,Technology,Electronic Components,Switzerland,37.44B,14.77,112.91,0.89%,"1,180,007"
283,GL,Globe Life Inc.,Financial,Insurance - Life,USA,11.17B,16.12,113.35,2.45%,"582,544"
284,PAYX,"Paychex, Inc.",Industrials,Staffing & Employment Services,USA,41.27B,28.62,113.38,1.28%,"1,811,057"
285,GPN,Global Payments Inc.,Industrials,Specialty Business Services,USA,31.49B,617.77,113.67,0.69%,"2,032,718"
286,CPT,Camden Property Trust,Real Estate,REIT - Residential,USA,12.71B,15.25,115.46,0.04%,"1,141,146"
287,KMB,Kimberly-Clark Corporation,Consumer Defensive,Household & Personal Products,USA,39.46B,21.88,115.48,1.14%,"1,410,080"
288,J,Jacobs Solutions Inc.,Industrials,Engineering & Construction,USA,14.99B,32.33,115.79,2.23%,"385,690"
289,MMM,3M Company,Industrials,Specialty Industrial Machinery,USA,66.41B,16.22,115.95,1.84%,"2,564,178"
290,AMZN,"Amazon.com, Inc.",Consumer Cyclical,Internet Retail,USA,1247.86B,104.64,116.36,2.26%,"65,607,448"
291,PKG,Packaging Corporation of America,Consumer Cyclical,Packaging & Containers,USA,11.14B,10.79,116.70,0.66%,"734,224"
292,PPG,"PPG Industries, Inc.",Basic Materials,Specialty Chemicals,USA,27.90B,25.94,116.74,3.03%,"1,121,482"
293,FRC,First Republic Bank,Financial,Banks - Regional,USA,25.63B,14.48,117.21,-1.76%,"2,382,386"
294,FMC,FMC Corporation,Basic Materials,Agricultural Inputs,USA,15.58B,19.68,117.69,2.83%,"831,256"
295,VLO,Valero Energy Corporation,Energy,Oil & Gas Refining & Marketing,USA,49.11B,6.75,117.70,1.90%,"4,929,378"
296,COP,ConocoPhillips,Energy,Oil & Gas E&P,USA,156.16B,9.71,117.89,-0.40%,"6,826,198"
297,JPM,JPMorgan Chase & Co.,Financial,Banks - Diversified,USA,343.33B,9.54,118.84,2.57%,"21,539,680"
298,AME,"AMETEK, Inc.",Industrials,Specialty Industrial Machinery,USA,27.96B,25.33,119.12,1.85%,"1,857,625"
299,NVDA,NVIDIA Corporation,Technology,Semiconductors,USA,317.43B,39.24,119.67,0.66%,"65,936,208"
300,PGR,The Progressive Corporation,Financial,Insurance - Property & Casualty,USA,74.33B,85.11,120.26,0.56%,"2,615,681"
302,CBOE,"Cboe Global Markets, Inc.",Financial,Financial Data & Stock Exchanges,USA,13.38B,62.56,121.99,1.53%,"779,638"
303,IBM,International Business Machines Corporation,Technology,Information Technology Services,USA,112.66B,19.47,122.94,1.17%,"5,120,336"
304,EA,Electronic Arts Inc.,Communication Services,Electronic Gaming & Multimedia,USA,34.54B,39.10,123.37,1.93%,"1,513,622"
305,DOV,Dover Corporation,Industrials,Specialty Industrial Machinery,USA,18.03B,15.69,123.41,1.53%,"1,170,012"
306,EOG,"EOG Resources, Inc.",Energy,Oil & Gas E&P,USA,76.74B,12.72,123.99,2.56%,"4,018,016"
307,NUE,Nucor Corporation,Basic Materials,Steel,USA,34.03B,3.80,124.46,1.94%,"1,247,652"
308,HES,Hess Corporation,Energy,Oil & Gas E&P,USA,41.04B,26.69,125.86,0.76%,"1,164,201"
309,PG,The Procter & Gamble Company,Consumer Defensive,Household & Personal Products,USA,309.24B,22.13,128.37,0.81%,"7,114,181"
310,HLT,Hilton Worldwide Holdings Inc.,Consumer Cyclical,Lodging,USA,35.42B,37.33,128.60,1.73%,"1,649,690"
311,DGX,Quest Diagnostics Incorporated,Healthcare,Diagnostics & Research,USA,15.06B,10.78,129.58,1.29%,"1,164,768"
312,PKI,"PerkinElmer, Inc.",Healthcare,Diagnostics & Research,USA,16.60B,24.03,130.37,2.95%,"1,051,728"
313,A,"Agilent Technologies, Inc.",Healthcare,Diagnostics & Research,USA,39.85B,30.18,132.30,1.33%,"1,038,147"
314,META,"Meta Platforms, Inc.",Communication Services,Internet Content & Information,USA,366.85B,11.01,132.80,-0.93%,"25,444,980"
315,CCI,Crown Castle Inc.,Real Estate,REIT - Specialty,USA,59.33B,37.45,133.38,0.31%,"3,189,449"
316,PWR,"Quanta Services, Inc.",Industrials,Engineering & Construction,USA,20.13B,43.30,133.42,2.88%,"871,071"
317,DRI,"Darden Restaurants, Inc.",Consumer Cyclical,Restaurants,USA,16.70B,18.48,133.44,1.14%,"1,200,399"
318,RSG,"Republic Services, Inc.",Industrials,Waste Management,USA,43.29B,30.63,133.65,2.19%,"928,233"
319,ARE,"Alexandria Real Estate Equities, Inc.",Real Estate,REIT - Office,USA,22.34B,71.57,133.76,-0.32%,"763,343"
320,MRNA,"Moderna, Inc.",Healthcare,Biotechnology,USA,52.74B,4.09,134.09,-3.71%,"5,096,228"
322,AWK,"American Water Works Company, Inc.",Utilities,Utilities - Regulated Water,USA,24.60B,18.88,134.77,2.55%,"920,237"
323,CLX,The Clorox Company,Consumer Defensive,Household & Personal Products,USA,16.61B,36.25,135.15,1.47%,"931,565"
324,TMUS,"T-Mobile US, Inc.",Communication Services,Telecom Services,USA,172.78B,99.46,136.16,1.73%,"4,273,037"
325,BA,The Boeing Company,Industrials,Aerospace & Defense,USA,81.10B,-,137.34,0.92%,"6,146,349"
326,ALL,The Allstate Corporation,Financial,Insurance - Property & Casualty,USA,37.84B,49.33,137.38,2.91%,"1,614,993"
327,DLTR,"Dollar Tree, Inc.",Consumer Defensive,Discount Stores,USA,32.32B,20.22,139.78,1.90%,"1,723,911"
328,ETN,Eaton Corporation plc,Industrials,Specialty Industrial Machinery,Ireland,57.60B,24.42,140.64,1.75%,"2,003,457"
329,NXPI,NXP Semiconductors N.V.,Technology,Semiconductors,Netherlands,38.38B,15.39,140.95,-0.23%,"2,218,572"
330,ADI,"Analog Devices, Inc.",Technology,Semiconductors,USA,75.77B,39.08,141.10,1.42%,"3,280,499"
331,FANG,"Diamondback Energy, Inc.",Energy,Oil & Gas E&P,USA,26.30B,6.62,141.85,1.71%,"1,645,577"
332,SJM,The J. M. Smucker Company,Consumer Defensive,Packaged Foods,USA,15.30B,26.10,142.25,1.63%,"633,409"
333,AAPL,Apple Inc.,Technology,Consumer Electronics,USA,2387.13B,23.75,143.75,0.94%,"99,136,608"
334,ABC,AmerisourceBergen Corporation,Healthcare,Medical Distribution,USA,30.15B,16.53,143.99,1.13%,"836,728"
335,WHR,Whirlpool Corporation,Consumer Cyclical,"Furnishings, Fixtures & Appliances",USA,8.09B,13.34,144.10,2.26%,"566,150"
336,FFIV,"F5, Inc.",Technology,Software - Infrastructure,USA,8.66B,25.85,144.42,1.25%,"346,083"
337,ABBV,AbbVie Inc.,Healthcare,Drug Manufacturers - General,USA,255.63B,20.45,144.60,0.13%,"3,540,393"
338,SRE,Sempra,Utilities,Utilities - Diversified,USA,46.20B,40.87,145.41,0.37%,"1,703,679"
339,BR,"Broadridge Financial Solutions, Inc.",Technology,Information Technology Services,USA,23.07B,32.01,145.56,1.94%,"464,842"
340,AXP,American Express Company,Financial,Credit Services,USA,113.25B,14.98,145.99,3.14%,"3,963,269"
342,ECL,Ecolab Inc.,Basic Materials,Specialty Chemicals,USA,43.62B,38.61,148.08,2.34%,"1,307,100"
343,TT,Trane Technologies plc,Industrials,Specialty Industrial Machinery,Ireland,35.98B,23.50,149.93,1.70%,"1,034,550"
344,MAR,"Marriott International, Inc.",Consumer Cyclical,Lodging,USA,48.57B,28.37,149.99,1.45%,"1,871,064"
345,ZTS,Zoetis Inc.,Healthcare,Drug Manufacturers - Specialty & Generic,USA,71.99B,34.14,150.42,0.42%,"2,783,081"
346,MAA,"Mid-America Apartment Communities, Inc.",Real Estate,REIT - Residential,USA,17.91B,29.61,150.70,1.11%,"962,707"
347,TXN,Texas Instruments Incorporated,Technology,Semiconductors,USA,144.03B,16.57,151.51,0.34%,"4,866,554"
348,CRM,"Salesforce, Inc.",Technology,Software - Application,USA,157.01B,286.97,153.53,4.31%,"16,354,759"
349,AIZ,"Assurant, Inc.",Financial,Insurance - Specialty,USA,8.47B,18.36,154.43,1.92%,"329,493"
350,CDNS,"Cadence Design Systems, Inc.",Technology,Software - Application,USA,43.50B,55.62,155.56,0.97%,"1,683,475"
351,PNC,"The PNC Financial Services Group, Inc.",Financial,Banks - Regional,USA,65.44B,12.23,156.16,0.20%,"2,485,077"
352,FDX,FedEx Corporation,Industrials,Integrated Freight & Logistics,USA,40.49B,11.49,156.30,-0.43%,"3,136,227"
353,TGT,Target Corporation,Consumer Defensive,Discount Stores,USA,76.55B,17.85,157.23,5.35%,"5,563,441"
354,SBNY,Signature Bank,Financial,Banks - Regional,USA,10.50B,8.38,157.29,2.76%,"2,315,107"
355,MMC,"Marsh & McLennan Companies, Inc.",Financial,Insurance Brokers,USA,80.71B,23.76,157.49,1.03%,"1,609,770"
356,VMC,Vulcan Materials Company,Basic Materials,Building Materials,USA,22.07B,34.78,158.78,3.08%,"598,722"
357,GPC,Genuine Parts Company,Consumer Cyclical,Specialty Retail,USA,23.02B,20.80,160.63,1.51%,"854,572"
358,WM,"Waste Management, Inc.",Industrials,Waste Management,USA,67.74B,31.50,161.12,2.09%,"1,335,759"
359,CDW,CDW Corporation,Technology,Information Technology Services,USA,22.34B,21.94,161.18,1.21%,"815,784"
360,KEYS,"Keysight Technologies, Inc.",Technology,Scientific & Technical Instruments,USA,29.34B,26.73,161.20,1.31%,"707,563"
362,EFX,Equifax Inc.,Industrials,Consulting Services,USA,21.06B,27.34,165.94,1.04%,"972,219"
363,JNJ,Johnson & Johnson,Healthcare,Drug Manufacturers - General,USA,438.30B,24.13,166.01,-0.35%,"10,883,584"
364,TRV,"The Travelers Companies, Inc.",Financial,Insurance - Property & Casualty,USA,40.11B,11.56,166.77,1.20%,"1,670,071"
365,UPS,"United Parcel Service, Inc.",Industrials,Integrated Freight & Logistics,USA,146.84B,13.40,166.99,1.38%,"2,282,616"
366,JBHT,"J.B. Hunt Transport Services, Inc.",Industrials,Integrated Freight & Logistics,USA,17.75B,18.92,167.89,1.29%,"1,257,856"
367,STE,STERIS plc,Healthcare,Medical Instruments & Supplies,Ireland,17.45B,45.65,170.79,0.44%,"384,630"
368,EXR,Extra Space Storage Inc.,Real Estate,REIT - Industrial,USA,23.73B,25.71,170.88,1.77%,"547,148"
369,FLT,"FLEETCOR Technologies, Inc.",Technology,Information Technology Services,USA,13.15B,14.76,172.05,0.19%,"737,605"
370,AVY,Avery Dennison Corporation,Industrials,Business Equipment & Supplies,USA,14.06B,18.93,173.19,2.18%,"386,331"
371,VRSK,"Verisk Analytics, Inc.",Industrials,Consulting Services,USA,27.76B,26.83,173.86,1.41%,"738,171"
372,CME,CME Group Inc.,Financial,Financial Data & Stock Exchanges,USA,63.59B,21.66,174.26,0.06%,"1,236,598"
373,AAP,"Advance Auto Parts, Inc.",Consumer Cyclical,Specialty Retail,USA,10.69B,20.28,174.73,2.87%,"691,146"
374,PEP,"PepsiCo, Inc.",Consumer Defensive,Beverages - Non-Alcoholic,USA,247.45B,24.82,175.06,1.35%,"4,547,398"
375,AJG,Arthur J. Gallagher & Co.,Financial,Insurance Brokers,USA,38.85B,35.51,176.14,0.61%,"813,693"
376,AVB,"AvalonBay Communities, Inc.",Real Estate,REIT - Residential,USA,25.78B,30.58,177.76,1.36%,"596,455"
377,HON,Honeywell International Inc.,Industrials,Specialty Industrial Machinery,USA,123.54B,24.53,179.88,1.60%,"1,978,578"
378,VRSN,"VeriSign, Inc.",Technology,Software - Infrastructure,USA,19.93B,24.92,182.89,1.86%,"670,924"
379,CAT,Caterpillar Inc.,Industrials,Farm & Heavy Construction Machinery,USA,99.59B,14.77,183.55,1.52%,"2,674,034"
380,IQV,IQVIA Holdings Inc.,Healthcare,Diagnostics & Research,USA,34.93B,30.79,184.33,1.74%,"962,522"
382,JKHY,"Jack Henry & Associates, Inc.",Technology,Information Technology Services,USA,13.91B,38.28,188.95,1.15%,"372,901"
383,MTB,M&T Bank Corporation,Financial,Banks - Regional,USA,33.55B,18.59,189.36,0.78%,"1,328,114"
384,LOW,"Lowe's Companies, Inc.",Consumer Cyclical,Home Improvement Retail,USA,122.59B,15.23,193.20,-0.46%,"3,804,253"
385,ITW,Illinois Tool Works Inc.,Industrials,Specialty Industrial Machinery,USA,61.38B,22.92,193.37,1.26%,"1,174,528"
386,ISRG,"Intuitive Surgical, Inc.",Healthcare,Medical Instruments & Supplies,USA,71.95B,49.48,193.73,1.90%,"2,957,831"
387,CB,Chubb Limited,Financial,Insurance - Property & Casualty,Switzerland,83.43B,11.74,194.65,1.02%,"1,148,375"
388,AMT,American Tower Corporation,Real Estate,REIT - Specialty,USA,93.84B,32.42,197.22,2.46%,"3,253,609"
389,ADSK,"Autodesk, Inc.",Technology,Software - Application,USA,44.24B,79.11,200.70,1.01%,"1,494,011"
390,UNP,Union Pacific Corporation,Industrials,Railroads,USA,127.84B,18.78,201.64,1.53%,"2,551,412"
391,TFX,Teleflex Incorporated,Healthcare,Medical Instruments & Supplies,USA,9.38B,18.81,202.31,0.13%,"392,413"
392,TSCO,Tractor Supply Company,Consumer Cyclical,Specialty Retail,USA,22.99B,22.40,202.84,0.56%,"1,481,099"
393,CRL,"Charles River Laboratories International, Inc.",Healthcare,Diagnostics & Research,USA,10.60B,23.90,205.86,0.13%,"316,240"
394,IEX,IDEX Corporation,Industrials,Specialty Industrial Machinery,USA,16.08B,30.68,206.11,1.24%,"745,844"
395,SEDG,"SolarEdge Technologies, Inc.",Technology,Solar,Israel,11.94B,80.90,207.42,5.13%,"1,571,358"
396,ILMN,"Illumina, Inc.",Healthcare,Diagnostics & Research,USA,33.33B,-,208.68,0.76%,"1,301,752"
397,ALGN,"Align Technology, Inc.",Healthcare,Medical Devices,USA,17.27B,26.91,210.00,-0.68%,"765,270"
398,HCA,"HCA Healthcare, Inc.",Healthcare,Medical Care Facilities,USA,61.64B,10.10,210.02,1.80%,"1,459,145"
399,WTW,Willis Towers Watson Public Limited Company,Financial,Insurance Brokers,United Kingdom,23.70B,15.09,210.33,1.57%,"564,455"
400,SHW,The Sherwin-Williams Company,Basic Materials,Specialty Chemicals,USA,56.20B,31.96,212.63,1.68%,"1,270,687"
402,SYK,Stryker Corporation,Healthcare,Medical Devices,USA,83.24B,39.53,214.92,-0.33%,"1,771,632"
403,EL,The Estee Lauder Companies Inc.,Consumer Defensive,Household & Personal Products,USA,78.31B,32.95,215.24,1.06%,"2,087,070"
404,SNA,Snap-on Incorporated,Industrials,Tools & Accessories,USA,11.69B,13.59,216.64,1.95%,"307,559"
405,ANSS,"ANSYS, Inc.",Technology,Software - Application,USA,19.12B,41.63,216.95,2.43%,"788,247"
406,NDSN,Nordson Corporation,Industrials,Specialty Industrial Machinery,USA,12.78B,26.51,218.67,1.33%,"229,615"
407,RMD,ResMed Inc.,Healthcare,Medical Instruments & Supplies,USA,32.52B,41.28,218.90,1.81%,"610,312"
408,TSLA,"Tesla, Inc.",Consumer Cyclical,Auto Manufacturers,USA,746.27B,79.29,220.19,0.38%,"75,891,904"
409,NSC,Norfolk Southern Corporation,Industrials,Railroads,USA,52.74B,17.71,222.34,1.48%,"1,806,699"
410,CMI,Cummins Inc.,Industrials,Specialty Industrial Machinery,USA,32.31B,15.67,223.94,1.74%,"590,060"
411,MSI,"Motorola Solutions, Inc.",Technology,Communication Equipment,USA,39.73B,32.45,225.30,2.07%,"564,548"
412,STZ,"Constellation Brands, Inc.",Consumer Defensive,Beverages - Wineries & Distilleries,USA,43.93B,-,226.49,1.10%,"970,371"
413,HSY,The Hershey Company,Consumer Defensive,Confectioners,USA,47.66B,31.75,227.31,0.70%,"1,013,992"
414,BDX,"Becton, Dickinson and Company",Healthcare,Medical Instruments & Supplies,USA,66.31B,43.58,230.63,0.70%,"1,480,290"
415,ESS,"Essex Property Trust, Inc.",Real Estate,REIT - Residential,USA,15.64B,39.45,233.28,0.87%,"318,057"
416,ADP,"Automatic Data Processing, Inc.",Industrials,Staffing & Employment Services,USA,99.33B,33.56,235.02,0.83%,"1,619,131"
417,LHX,"L3Harris Technologies, Inc.",Industrials,Aerospace & Defense,USA,47.14B,24.38,236.58,5.82%,"1,442,557"
418,ROK,"Rockwell Automation, Inc.",Industrials,Specialty Industrial Machinery,USA,28.32B,41.32,236.79,2.64%,"504,794"
419,GD,General Dynamics Corporation,Industrials,Aerospace & Defense,USA,67.47B,20.10,237.48,3.78%,"1,204,592"
420,DG,Dollar General Corporation,Consumer Defensive,Discount Stores,USA,54.85B,23.67,237.59,0.50%,"1,379,648"
422,HII,"Huntington Ingalls Industries, Inc.",Industrials,Aerospace & Defense,USA,9.85B,16.38,238.57,4.63%,"437,561"
423,NFLX,"Netflix, Inc.",Communication Services,Entertainment,USA,108.28B,22.54,240.86,-1.73%,"25,776,732"
424,MKTX,MarketAxess Holdings Inc.,Financial,Capital Markets,USA,9.44B,37.77,241.16,2.25%,"387,033"
425,APD,"Air Products and Chemicals, Inc.",Basic Materials,Chemicals,USA,55.02B,24.17,242.37,2.11%,"822,952"
426,PXD,Pioneer Natural Resources Company,Energy,Oil & Gas E&P,USA,61.66B,10.12,244.54,0.20%,"1,373,165"
427,MCO,Moody's Corporation,Financial,Financial Data & Stock Exchanges,USA,46.39B,26.58,245.93,1.18%,"1,023,239"
428,MCD,McDonald's Corporation,Consumer Cyclical,Restaurants,USA,186.04B,30.70,249.19,1.10%,"3,123,554"
429,ENPH,"Enphase Energy, Inc.",Technology,Solar,USA,35.61B,177.31,251.42,3.77%,"3,102,424"
430,ALB,Albemarle Corporation,Basic Materials,Specialty Chemicals,USA,31.78B,113.47,251.67,1.47%,"973,900"
431,AMGN,Amgen Inc.,Healthcare,Drug Manufacturers - General,USA,135.04B,21.36,252.12,-0.32%,"2,060,199"
432,SBAC,SBA Communications Corporation,Real Estate,REIT - Specialty,USA,28.74B,80.01,258.26,2.02%,"979,139"
433,COO,"The Cooper Companies, Inc.",Healthcare,Medical Instruments & Supplies,USA,13.09B,29.91,258.47,-0.63%,"296,400"
434,ABMD,"Abiomed, Inc.",Healthcare,Medical Devices,USA,12.20B,54.70,259.17,0.50%,"234,210"
435,WST,"West Pharmaceutical Services, Inc.",Healthcare,Medical Instruments & Supplies,USA,19.52B,29.12,261.61,2.46%,"678,614"
436,ZBRA,Zebra Technologies Corporation,Technology,Communication Equipment,USA,14.35B,28.70,263.89,0.86%,"352,114"
437,ACN,Accenture plc,Technology,Information Technology Services,Ireland,178.83B,24.65,264.05,0.70%,"2,114,647"
438,DHR,Danaher Corporation,Healthcare,Diagnostics & Research,USA,195.90B,31.27,265.57,2.17%,"2,063,348"
439,PH,Parker-Hannifin Corporation,Industrials,Specialty Industrial Machinery,USA,34.94B,26.48,266.83,1.85%,"904,304"
440,AMP,"Ameriprise Financial, Inc.",Financial,Asset Management,USA,30.94B,9.66,268.51,0.55%,"555,677"
442,KLAC,KLA Corporation,Technology,Semiconductor Equipment & Materials,USA,40.26B,12.27,268.76,2.10%,"1,763,593"
443,BIIB,Biogen Inc.,Healthcare,Drug Manufacturers - General,USA,40.38B,19.30,270.28,0.27%,"1,348,974"
444,RE,"Everest Re Group, Ltd.",Financial,Insurance - Reinsurance,Bermuda,11.11B,14.10,278.26,1.68%,"266,156"
445,AON,Aon plc,Financial,Insurance Brokers,Ireland,61.46B,40.23,280.33,1.02%,"703,360"
446,BRK-B,Berkshire Hathaway Inc.,Financial,Insurance - Diversified,USA,622.29B,-,281.67,1.68%,"4,294,758"
447,WAT,Waters Corporation,Healthcare,Diagnostics & Research,USA,17.29B,24.75,283.94,1.55%,"416,591"
448,LIN,Linde plc,Basic Materials,Specialty Chemicals,United Kingdom,145.53B,41.28,284.66,1.33%,"1,692,779"
449,HD,"The Home Depot, Inc.",Consumer Cyclical,Home Improvement Retail,USA,298.58B,17.52,285.06,1.35%,"3,166,524"
450,IT,"Gartner, Inc.",Technology,Information Technology Services,USA,23.87B,32.74,290.05,1.55%,"515,086"
451,SNPS,"Synopsys, Inc.",Technology,Software - Infrastructure,USA,46.27B,44.37,292.27,1.04%,"834,485"
452,ADBE,Adobe Inc.,Technology,Software - Infrastructure,USA,139.42B,28.89,292.98,-0.18%,"5,472,027"
453,CI,Cigna Corporation,Healthcare,Healthcare Plans,USA,90.33B,17.52,293.74,1.32%,"2,221,862"
454,URI,"United Rentals, Inc.",Industrials,Rental & Leasing Services,USA,21.15B,12.23,295.37,2.62%,"610,792"
455,PSA,Public Storage,Real Estate,REIT - Industrial,USA,53.55B,25.32,297.20,1.87%,"853,826"
456,VRTX,Vertex Pharmaceuticals Incorporated,Healthcare,Biotechnology,USA,77.86B,24.28,300.17,1.06%,"983,569"
457,MA,Mastercard Incorporated,Financial,Credit Services,USA,295.58B,30.44,300.38,1.81%,"3,096,016"
458,SPGI,S&P Global Inc.,Financial,Financial Data & Stock Exchanges,USA,102.30B,22.42,300.81,1.15%,"2,270,634"
459,TECH,Bio-Techne Corporation,Healthcare,Biotechnology,USA,12.13B,45.71,302.62,2.18%,"246,479"
460,GS,"The Goldman Sachs Group, Inc.",Financial,Capital Markets,USA,109.66B,7.10,313.85,2.33%,"6,428,583"
462,POOL,Pool Corporation,Consumer Cyclical,Leisure,USA,13.23B,16.51,318.90,0.14%,"585,543"
463,MLM,"Martin Marietta Materials, Inc.",Basic Materials,Building Materials,USA,21.01B,25.41,320.28,2.97%,"367,594"
464,LRCX,Lam Research Corporation,Technology,Semiconductor Equipment & Materials,USA,47.66B,9.83,322.06,2.11%,"2,507,695"
465,CHTR,"Charter Communications, Inc.",Communication Services,Entertainment,USA,53.26B,10.56,328.87,-0.85%,"1,017,686"
466,DPZ,"Domino's Pizza, Inc.",Consumer Cyclical,Restaurants,USA,12.40B,26.54,328.90,2.41%,"1,164,792"
467,PAYC,"Paycom Software, Inc.",Technology,Software - Application,USA,20.73B,83.84,329.14,4.27%,"365,489"
468,SIVB,SVB Financial Group,Financial,Banks - Regional,USA,21.18B,12.71,330.04,-1.04%,"989,674"
469,LLY,Eli Lilly and Company,Healthcare,Drug Manufacturers - General,USA,319.02B,53.46,335.03,0.68%,"2,087,263"
470,TYL,"Tyler Technologies, Inc.",Technology,Software - Application,USA,14.51B,80.37,339.39,4.03%,"255,473"
471,EPAM,"EPAM Systems, Inc.",Technology,Information Technology Services,USA,19.69B,54.90,339.97,1.94%,"372,092"
472,IDXX,"IDEXX Laboratories, Inc.",Healthcare,Diagnostics & Research,USA,29.42B,44.22,342.16,0.79%,"440,021"
473,TDY,Teledyne Technologies Incorporated,Technology,Scientific & Technical Instruments,USA,16.72B,24.31,346.15,1.41%,"281,955"
474,NOW,"ServiceNow, Inc.",Technology,Software - Application,USA,76.32B,393.81,356.79,2.35%,"2,099,360"
475,MOH,"Molina Healthcare, Inc.",Healthcare,Healthcare Plans,USA,21.21B,28.02,359.60,2.03%,"396,552"
476,MCK,McKesson Corporation,Healthcare,Medical Distribution,USA,52.14B,38.39,360.88,1.80%,"866,525"
477,DE,Deere & Company,Industrials,Farm & Heavy Construction Machinery,USA,115.22B,18.55,371.31,2.40%,"1,214,751"
478,ROP,"Roper Technologies, Inc.",Industrials,Specialty Industrial Machinery,USA,40.60B,43.51,375.39,1.20%,"440,325"
479,CTAS,Cintas Corporation,Industrials,Specialty Business Services,USA,42.06B,33.65,402.08,2.04%,"429,448"
480,ULTA,"Ulta Beauty, Inc.",Consumer Cyclical,Specialty Retail,USA,20.99B,18.97,404.98,0.61%,"682,020"
482,MSCI,MSCI Inc.,Financial,Financial Data & Stock Exchanges,USA,34.36B,42.04,408.56,1.39%,"300,239"
483,INTU,Intuit Inc.,Technology,Software - Application,USA,119.93B,56.40,408.65,1.22%,"1,704,579"
484,FDS,FactSet Research Systems Inc.,Financial,Financial Data & Stock Exchanges,USA,16.11B,39.94,409.29,0.56%,"226,018"
485,LMT,Lockheed Martin Corporation,Industrials,Aerospace & Defense,USA,119.37B,24.98,431.84,8.69%,"4,588,540"
486,AVGO,Broadcom Inc.,Technology,Semiconductors,USA,189.27B,18.94,434.83,-0.12%,"2,034,087"
487,COST,Costco Wholesale Corporation,Consumer Defensive,Discount Stores,USA,215.62B,36.02,473.27,1.96%,"1,863,980"
488,ELV,Elevance Health Inc.,Healthcare,Healthcare Plans,USA,115.61B,19.18,478.27,0.25%,"1,291,811"
489,HUM,Humana Inc.,Healthcare,Healthcare Plans,USA,63.51B,20.47,501.68,0.58%,"724,240"
490,NOC,Northrop Grumman Corporation,Industrials,Aerospace & Defense,USA,84.70B,14.11,506.80,6.67%,"1,853,190"
491,UNH,UnitedHealth Group Incorporated,Healthcare,Healthcare Plans,USA,485.40B,27.28,522.21,0.06%,"2,345,539"
492,TMO,Thermo Fisher Scientific Inc.,Healthcare,Diagnostics & Research,USA,208.51B,27.90,524.40,1.39%,"970,375"
493,GWW,"W.W. Grainger, Inc.",Industrials,Industrial Distribution,USA,27.97B,20.82,531.62,2.78%,"281,456"
494,EQIX,"Equinix, Inc.",Real Estate,REIT - Specialty,USA,50.87B,76.90,540.21,2.52%,"449,836"
495,TDG,TransDigm Group Incorporated,Industrials,Aerospace & Defense,USA,29.72B,41.49,540.21,2.78%,"331,196"
496,BLK,"BlackRock, Inc.",Financial,Asset Management,USA,90.01B,16.01,581.06,2.07%,"800,695"
497,REGN,"Regeneron Pharmaceuticals, Inc.",Healthcare,Biotechnology,USA,80.55B,14.43,722.71,-1.80%,"699,586"
498,ORLY,"O'Reilly Automotive, Inc.",Consumer Cyclical,Specialty Retail,USA,47.38B,23.44,742.11,0.79%,"382,758"
499,MTD,Mettler-Toledo International Inc.,Healthcare,Diagnostics & Research,USA,27.36B,33.81,1200.00,2.29%,"105,512"
500,CMG,"Chipotle Mexican Grill, Inc.",Consumer Cyclical,Restaurants,USA,44.28B,57.80,1543.99,0.13%,"302,608"
502,AZO,"AutoZone, Inc.",Consumer Cyclical,Specialty Retail,USA,45.51B,19.63,2306.86,0.75%,"156,459"
503,NVR,"NVR, Inc.",Consumer Cyclical,Residential Construction,USA,13.98B,10.01,4160.81,3.12%,"20,482"
